{
	"file_name" : "C:/SAM/2018.11.11/solar_resource/tucson_az_32.116521_-110.933042_psmv3_60_tmy.csv",
	"I_bn_des" : 950,
	"T_cold_ref" : 100,
	"P_turb_des" : 20,
	"T_hot" : 393,
	"x_b_des" : 0.75,
	"q_pb_des" : 5,
	"fP_hdr_c" : 0.0099999997764825821,
	"fP_sf_boil" : 0.075000002980232239,
	"fP_hdr_h" : 0.02500000037252903,
	"nModBoil" : 6,
	"nLoops" : 3,
	"eta_pump" : 0.85000002384185791,
	"theta_stow" : 10,
	"theta_dep" : 10,
	"T_fp" : 10,
	"Pipe_hl_coef" : 0.0035000001080334187,
	"SCA_drives_elec" : 0.20000000298023224,
	"ColAz" : 0,
	"e_startup" : 2.7000000476837158,
	"T_amb_des_sf" : 42,
	"V_wind_max" : 20,
	"csp.lf.sf.water_per_wash" : 0.019999999552965164,
	"csp.lf.sf.washes_per_year" : 12,
	"A_aperture" : [ [ 513.5999755859375 ], [0 ] ],
	"L_col" : [ [ 44.799999237060547 ],[ 0 ] ],
	"OptCharType" : [ [ 1 ],[ 0 ] ],
	"IAM_T" : [ [ 0.98960000276565552,  0.043999999761581421,  -0.072099998593330383,  -0.23270000517368317,  0 ], [ 0, 0,  0,  0,  0 ] ],
	"IAM_L" : [ [ 1.0031000375747681,  -0.22589999437332153,  0.53680002689361572,  -1.6433999538421631,  0.72219997644424438 ], [ 0, 0,  0,  0,  0 ] ],
	"TrackingError" : [ [ 1 ],[ 0 ] ],
	"GeomEffects" : [ [ 0.8399999737739563 ],[ 0 ] ],
	"rho_mirror_clean" : [ [ 0.93500000238418579 ],[ 0 ] ],
	"dirt_mirror" : [ [ 0.94999998807907104 ], [0 ] ],
	"error" : [ [ 1 ], [0 ] ],
	"HLCharType" : [ [ 1 ],[ 0 ] ],
	"HL_dT" : [ [ 0,  0.67199999094009399,  0.0025559999048709869,  0,  0 ], [ 0, 0,  0,  0,  0 ] ],
	"HL_W" : [ [ 1,  0,  0,  0,  0 ], [ 0, 0,  0,  0,  0 ] ],
	"D_2" : [ [ 0.065999999642372131 ], [0 ] ],
	"D_3" : [ [ 0.070000000298023224 ],[ 0 ] ],
	"D_4" : [ [ 0.11500000208616257 ], [0 ] ],
	"D_5" : [ [ 0.11999999731779099 ], [0 ] ],
	"D_p" : [ [ 0 ], [0 ] ],
	"Rough" : [ [ 4.5000000682193786e-05 ], [0 ] ],
	"Flow_type" : [ [ 1 ],[ 0 ] ],
	"AbsorberMaterial" : [ [ 1 ],[ 0 ] ],
	"HCE_FieldFrac" : [ [ 0.98500001430511475,  0.0099999997764825821,  0.004999999888241291,  0 ], [ 0, 0,  0,  0 ] ],
	"alpha_abs" : [ [ 0.95999997854232788,  0.95999997854232788,  0.80000001192092896,  0 ], [ 0, 0,  0,  0 ] ],
	"b_eps_HCE1" : [ [ 0 ],[ 0.13840000331401825 ] ],
	"b_eps_HCE2" : [ [ 0 ],[ 0.64999997615814209 ] ],
	"b_eps_HCE3" : [ [ 0 ],[ 0.64999997615814209 ] ],
	"b_eps_HCE4" : [ [ 0 ],[ 0.13840000331401825 ] ],
	"sh_eps_HCE1" : [ [ 0 ],[ 0 ] ],
	"sh_eps_HCE2" : [ [ 0 ],[ 0 ] ],
	"sh_eps_HCE3" : [ [ 0 ],[ 0 ] ],
	"sh_eps_HCE4" : [ [ 0 ],[ 0 ] ],
	"alpha_env" : [ [ 0.019999999552965164,  0.019999999552965164,  0,  0 ], [ 0, 0,  0,  0 ] ],
	"EPSILON_4" : [ [ 0.86000001430511475,  0.86000001430511475,  1,  0 ], [ 0, 0,  0,  0 ] ],
	"Tau_envelope" : [ [ 0.96299999952316284,  0.96299999952316284,  1,  0 ], [ 0, 0,  0,  0 ] ],
	"GlazingIntactIn" : [ [ 1,  1,  0,  1 ], [ 0, 0,  0,  0 ] ],
	"AnnulusGas" : [ [ 1,  1,  1,  1 ], [ 0, 0,  0,  0 ] ],
	"P_a" : [ [ 9.9999997473787516e-05,  750,  750,  0 ], [ 0, 0,  0,  0 ] ],
	"Design_loss" : [ [ 150,  1100,  1500,  0 ], [ 0, 0,  0,  0 ] ],
	"Shadowing" : [ [ 0.95999997854232788,  0.95999997854232788,  0.95999997854232788,  0 ], [ 0, 0,  0,  0 ] ],
	"Dirt_HCE" : [ [ 0.98000001907348633,  0.98000001907348633,  1,  0 ], [ 0, 0,  0,  0 ] ],
	"b_OpticalTable" : [ [ -180,  -160,  -140,  -120,  -100,  -80,  -60,  -40,  -20,  0,  20,  40,  60,  80,  100,  120,  140,  160,  180,  -999.9000244140625 ], [ 0, 1,  1,  1,  1,  1,  1,  1,  1,  1,  1,  1,  1,  1,  1,  1,  1,  1,  1,  1 ], [ 10, 0.98000001907348633,  0.97444498538970947,  0.97197598218917847,  0.97284698486328125,  0.97690999507904053,  0.97690999507904053,  0.97284698486328125,  0.97197598218917847,  0.97444498538970947,  0.98000001907348633,  0.97444498538970947,  0.97197598218917847,  0.97284698486328125,  0.97690999507904053,  0.97690999507904053,  0.97284698486328125,  0.97197598218917847,  0.97444498538970947,  0.98000001907348633 ], [ 20, 0.93000000715255737,  0.92297601699829102,  0.92892998456954956,  0.94600498676300049,  0.95401901006698608,  0.95401901006698608,  0.94600498676300049,  0.92892998456954956,  0.92297601699829102,  0.93000000715255737,  0.92297601699829102,  0.92892998456954956,  0.94600498676300049,  0.95401901006698608,  0.95401901006698608,  0.94600498676300049,  0.92892998456954956,  0.92297601699829102,  0.93000000715255737 ], [ 30, 0.8399999737739563,  0.83861798048019409,  0.87069100141525269,  0.9130210280418396,  0.94091099500656128,  0.94091099500656128,  0.9130210280418396,  0.87069100141525269,  0.83861798048019409,  0.8399999737739563,  0.83861798048019409,  0.87069100141525269,  0.9130210280418396,  0.94091099500656128,  0.94091099500656128,  0.9130210280418396,  0.87069100141525269,  0.83861798048019409,  0.8399999737739563 ], [ 40, 0.72000002861022949,  0.72994697093963623,  0.80368697643280029,  0.86696100234985352,  0.90003901720046997,  0.90003901720046997,  0.86696100234985352,  0.80368697643280029,  0.72994697093963623,  0.72000002861022949,  0.72994697093963623,  0.80368697643280029,  0.86696100234985352,  0.90003901720046997,  0.90003901720046997,  0.86696100234985352,  0.80368697643280029,  0.72994697093963623,  0.72000002861022949 ], [ 50, 0.55000001192092896,  0.59125500917434692,  0.70745402574539185,  0.79350900650024414,  0.83955997228622437,  0.83955997228622437,  0.79350900650024414,  0.70745402574539185,  0.59125500917434692,  0.55000001192092896,  0.59125500917434692,  0.70745402574539185,  0.79350900650024414,  0.83955997228622437,  0.83955997228622437,  0.79350900650024414,  0.70745402574539185,  0.59125500917434692,  0.55000001192092896 ], [ 60, 0.34000000357627869,  0.43217799067497253,  0.59747797250747681,  0.66400599479675293,  0.69351100921630859,  0.69351100921630859,  0.66400599479675293,  0.59747797250747681,  0.43217799067497253,  0.34000000357627869,  0.43217799067497253,  0.59747797250747681,  0.66400599479675293,  0.69351100921630859,  0.69351100921630859,  0.66400599479675293,  0.59747797250747681,  0.43217799067497253,  0.34000000357627869 ], [ 70, 0.12999999523162842,  0.26525399088859558,  0.42558598518371582,  0.46449598670005798,  0.4771060049533844,  0.4771060049533844,  0.46449598670005798,  0.42558598518371582,  0.26525399088859558,  0.12999999523162842,  0.26525399088859558,  0.42558598518371582,  0.46449598670005798,  0.4771060049533844,  0.4771060049533844,  0.46449598670005798,  0.42558598518371582,  0.26525399088859558,  0.12999999523162842 ], [ 80, 0.0099999997764825821,  0.11369399726390839,  0.20891000330448151,  0.23325499892234802,  0.23882800340652466,  0.23882800340652466,  0.23325499892234802,  0.20891000330448151,  0.11369399726390839,  0.0099999997764825821,  0.11369399726390839,  0.20891000330448151,  0.23325499892234802,  0.23882800340652466,  0.23882800340652466,  0.23325499892234802,  0.20891000330448151,  0.11369399726390839,  0.0099999997764825821 ], [ 90, 0,  0,  0,  0,  0,  0,  0,  0,  0,  0,  0,  0,  0,  0,  0,  0,  0,  0,  0 ] ],
	"sh_OpticalTable" : [ [ 0,  0 ], [ 0, 0 ] ],
	"heat_sink_dP_frac" : 0.0099999997764825821,
	"adjust:constant" : 4,
	"compute_module_0" : "linear_fresnel_dsg_iph",
	"metric_0" : "annual_energy",
	"metric_0_label" : "Annual energy (year 1)",
	"metric_1" : "annual_field_energy",
	"metric_1_label" : "Annual field energy (year 1)",
	"metric_2" : "annual_thermal_consumption",
	"metric_2_label" : "Annual thermal freeze protection (year 1)",
	"metric_3" : "annual_electricity_consumption",
	"metric_3_label" : "Annual electricity load (year 1)",
	"number_compute_modules" : 1,
	"number_metrics" : 4
}
