{
	"file_name" : "C:/SAM/2018.11.11/solar_resource/tucson_az_32.116521_-110.933042_psmv3_60_tmy.csv",
	"collector_type" : 1,
	"design_point_date" : [2010, 3 ,18 ,12, 0, 0],
	"initial_date" : [2010, 3 ,18, 9, 0, 0],
	"final_date" : [2010, 3, 18, 17, 0 ,0],
	"desal_thermal_power_req" : 1000,
	"initial_water_temp" : 85,
	"outlet_water_temp": 95,
	"qm" : 0.02,
	"Tamb_D" : 30,
	"G" : 1000,
	"a" : 0.64,
	"b" : 1.494,
	"c" : 0.012,
	"A" : 2.83,
	"tilt_angle" : 36.838,
	"v_azim" : 180,
	"pressure" : 1,
	"v1" : [10 ,20 ,30, 40 ,50, 60, 70],
	"v2" : [1, 1, 0.99, 0.97, 0.92, 0.84 ,0.68],
	"v3" : [1.04 ,1.09 ,1.23 ,1.38 ,1.78, 1.82, 2.08]
}
